,price,area,bedrooms,bathrooms,stories,mainroad,guestroom,basement,hotwaterheating,airconditioning,parking,prefarea,furnishingstatus,price_scaled,area_scaled
0,13300000.0,7420.0,4,2.0,3,1,0,0,0,1,2,1,2,0.9999999999999999,0.3965635738831615
1,12250000.0,8960.0,4,4.0,4,1,0,0,0,1,3,0,2,0.9090909090909091,0.5024054982817869
2,12250000.0,9960.0,3,2.0,2,1,0,1,0,0,2,1,1,0.9090909090909091,0.5711340206185567
3,12215000.0,7500.0,4,2.0,2,1,0,1,0,1,3,1,2,0.9060606060606061,0.40206185567010305
4,11410000.0,7420.0,4,1.0,2,1,1,1,0,1,2,0,2,0.8363636363636363,0.3965635738831615
5,10850000.0,7500.0,3,3.0,1,1,0,1,0,1,2,1,1,0.7878787878787878,0.40206185567010305
6,10150000.0,8580.0,4,3.0,4,1,0,0,0,1,2,1,1,0.7272727272727273,0.47628865979381435
7,10150000.0,16200.0,5,3.0,2,1,0,0,0,0,0,0,0,0.7272727272727273,0.9999999999999998
8,9870000.0,8100.0,4,1.0,2,1,1,1,0,1,2,1,2,0.703030303030303,0.4432989690721649
9,9800000.0,5750.0,3,2.0,4,1,1,0,0,1,1,1,0,0.6969696969696969,0.281786941580756
10,9800000.0,13200.0,3,1.0,2,1,0,1,0,1,2,1,2,0.6969696969696969,0.7938144329896906
11,9681000.0,6000.0,4,3.0,2,1,1,1,1,0,2,0,1,0.6866666666666666,0.29896907216494845
12,9310000.0,6550.0,4,2.0,2,1,0,0,0,1,1,1,1,0.6545454545454545,0.3367697594501718
13,9240000.0,3500.0,4,2.0,2,1,0,0,1,0,2,0,2,0.6484848484848484,0.12714776632302405
14,9240000.0,7800.0,3,2.0,2,1,0,0,0,0,0,1,1,0.6484848484848484,0.422680412371134
15,9100000.0,6000.0,4,1.0,2,1,0,1,0,0,2,0,1,0.6363636363636364,0.29896907216494845
16,9100000.0,6600.0,4,2.0,2,1,1,1,0,1,1,1,0,0.6363636363636364,0.34020618556701027
17,8960000.0,8500.0,3,2.0,4,1,0,0,0,1,2,0,2,0.6242424242424243,0.4707903780068728
18,8890000.0,4600.0,3,2.0,2,1,1,0,0,1,2,0,2,0.6181818181818182,0.2027491408934708
19,8855000.0,6420.0,3,2.0,2,1,0,0,0,1,1,1,1,0.6151515151515151,0.32783505154639175
20,8750000.0,4320.0,3,1.0,2,1,0,1,1,0,2,0,1,0.6060606060606061,0.18350515463917527
21,8680000.0,7155.0,3,2.0,1,1,1,1,0,1,2,0,0,0.6,0.3783505154639175
23,8645000.0,4560.0,3,2.0,2,1,1,1,0,1,1,0,2,0.5969696969696969,0.2
24,8575000.0,8800.0,3,2.0,2,1,0,0,0,1,2,0,2,0.5909090909090909,0.49140893470790376
25,8540000.0,6540.0,4,2.0,2,1,1,1,0,1,2,1,2,0.5878787878787879,0.3360824742268041
26,8463000.0,6000.0,3,2.0,4,1,1,1,0,1,0,1,1,0.5812121212121212,0.29896907216494845
27,8400000.0,8875.0,3,1.0,1,1,0,0,0,0,1,0,1,0.5757575757575758,0.49656357388316147
28,8400000.0,7950.0,5,2.0,2,1,0,1,1,0,2,0,0,0.5757575757575758,0.43298969072164945
29,8400000.0,5500.0,4,2.0,2,1,0,1,0,1,1,1,1,0.5757575757575758,0.2646048109965636
30,8400000.0,7475.0,3,2.0,4,1,0,0,0,1,2,0,0,0.5757575757575758,0.4003436426116838
31,8400000.0,7000.0,3,1.0,4,1,0,0,0,1,2,0,1,0.5757575757575758,0.3676975945017182
32,8295000.0,4880.0,4,2.0,2,1,0,0,0,1,1,1,2,0.5666666666666667,0.2219931271477663
33,8190000.0,5960.0,3,3.0,2,1,1,1,0,0,1,0,0,0.5575757575757576,0.29621993127147767
35,8080940.0,7000.0,3,2.0,4,1,0,0,0,1,2,0,2,0.5481333333333334,0.3676975945017182
36,8043000.0,7482.0,3,2.0,3,1,0,0,1,0,1,1,2,0.5448484848484848,0.40082474226804116
37,7980000.0,9000.0,4,2.0,4,1,0,0,0,1,2,0,2,0.5393939393939394,0.5051546391752577
38,7962500.0,6000.0,3,1.0,4,1,1,0,0,1,2,0,0,0.5378787878787878,0.29896907216494845
39,7910000.0,6000.0,4,2.0,4,1,0,0,0,1,1,0,1,0.5333333333333333,0.29896907216494845
40,7875000.0,6550.0,3,1.0,2,1,0,1,0,1,0,1,2,0.5303030303030303,0.3367697594501718
41,7840000.0,6360.0,3,2.0,4,1,0,0,0,1,0,1,2,0.5272727272727272,0.3237113402061855
42,7700000.0,6480.0,3,2.0,4,1,0,0,0,1,2,0,0,0.5151515151515151,0.3319587628865979
43,7700000.0,6000.0,4,2.0,4,1,0,0,0,0,2,0,1,0.5151515151515151,0.29896907216494845
44,7560000.0,6000.0,4,2.0,4,1,0,0,0,1,1,0,2,0.503030303030303,0.29896907216494845
45,7560000.0,6000.0,3,2.0,3,1,0,0,0,1,0,0,1,0.503030303030303,0.29896907216494845
46,7525000.0,6000.0,3,2.0,4,1,0,0,0,1,1,0,2,0.5,0.29896907216494845
47,7490000.0,6600.0,3,1.0,4,1,0,0,0,1,3,1,2,0.49696969696969695,0.34020618556701027
48,7455000.0,4300.0,3,2.0,2,1,0,1,0,0,1,0,0,0.4939393939393939,0.18213058419243983
49,7420000.0,7440.0,3,2.0,1,1,1,1,0,1,0,1,1,0.49090909090909085,0.3979381443298969
50,7420000.0,7440.0,3,2.0,4,1,0,0,0,0,1,1,0,0.49090909090909085,0.3979381443298969
51,7420000.0,6325.0,3,1.0,4,1,0,0,0,1,1,0,0,0.49090909090909085,0.3213058419243986
52,7350000.0,6000.0,4,2.0,4,1,1,0,0,1,1,0,2,0.48484848484848486,0.29896907216494845
53,7350000.0,5150.0,3,2.0,4,1,0,0,0,1,2,0,1,0.48484848484848486,0.24054982817869414
54,7350000.0,6000.0,3,2.0,2,1,1,0,0,1,1,0,1,0.48484848484848486,0.29896907216494845
55,7350000.0,6000.0,3,1.0,2,1,0,0,0,1,1,0,0,0.48484848484848486,0.29896907216494845
56,7343000.0,11440.0,4,1.0,2,1,0,1,0,0,1,1,1,0.48424242424242425,0.672852233676976
57,7245000.0,9000.0,4,2.0,4,1,1,0,0,1,1,1,2,0.4757575757575757,0.5051546391752577
58,7210000.0,7680.0,4,2.0,4,1,1,0,0,1,1,0,1,0.4727272727272728,0.41443298969072156
59,7210000.0,6000.0,3,2.0,4,1,1,0,0,1,1,0,2,0.4727272727272728,0.29896907216494845
60,7140000.0,6000.0,3,2.0,2,1,1,0,0,0,1,0,1,0.4666666666666667,0.29896907216494845
61,7070000.0,8880.0,2,1.0,1,1,0,0,0,1,1,0,1,0.4606060606060606,0.4969072164948453
62,7070000.0,6240.0,4,2.0,2,1,0,0,0,1,1,0,2,0.4606060606060606,0.3154639175257732
63,7035000.0,6360.0,4,2.0,3,1,0,0,0,1,2,1,2,0.4575757575757575,0.3237113402061855
64,7000000.0,11175.0,3,1.0,1,1,0,1,0,1,1,1,2,0.4545454545454546,0.6546391752577319
65,6930000.0,8880.0,3,2.0,2,1,0,1,0,1,1,0,2,0.4484848484848485,0.4969072164948453
66,6930000.0,13200.0,2,1.0,1,1,0,1,1,0,1,0,2,0.4484848484848485,0.7938144329896906
67,6895000.0,7700.0,3,2.0,1,1,0,0,0,0,2,0,0,0.44545454545454544,0.41580756013745707
68,6860000.0,6000.0,3,1.0,1,1,0,0,0,1,1,0,2,0.4424242424242424,0.29896907216494845
69,6790000.0,12090.0,4,2.0,2,1,0,0,0,0,2,1,2,0.4363636363636364,0.7175257731958762
70,6790000.0,4000.0,3,2.0,2,1,0,1,0,1,0,1,1,0.4363636363636364,0.16151202749140892
71,6755000.0,6000.0,4,2.0,4,1,0,0,0,1,0,0,0,0.43333333333333335,0.29896907216494845
72,6720000.0,5020.0,3,1.0,4,1,0,0,0,1,0,1,0,0.4303030303030303,0.2316151202749141
73,6685000.0,6600.0,2,2.0,4,1,0,1,0,0,0,1,2,0.42727272727272725,0.34020618556701027
74,6650000.0,4040.0,3,1.0,2,1,0,1,1,0,1,0,2,0.4242424242424242,0.1642611683848797
75,6650000.0,4260.0,4,2.0,2,1,0,0,1,0,0,0,1,0.4242424242424242,0.17938144329896905
76,6650000.0,6420.0,3,2.0,3,1,0,0,0,1,0,1,2,0.4242424242424242,0.32783505154639175
77,6650000.0,6500.0,3,2.0,3,1,0,0,0,1,0,1,2,0.4242424242424242,0.3333333333333333
78,6650000.0,5700.0,3,1.0,1,1,1,1,0,1,2,1,2,0.4242424242424242,0.2783505154639175
79,6650000.0,6000.0,3,2.0,3,1,1,0,0,1,0,0,2,0.4242424242424242,0.29896907216494845
81,6615000.0,4000.0,3,2.0,2,1,0,1,0,1,1,0,1,0.42121212121212126,0.16151202749140892
82,6615000.0,10500.0,3,2.0,1,1,0,1,0,1,1,1,2,0.42121212121212126,0.6082474226804124
83,6580000.0,6000.0,3,2.0,4,1,0,0,0,1,0,0,1,0.4181818181818182,0.29896907216494845
84,6510000.0,3760.0,3,1.0,2,1,0,0,1,0,2,0,1,0.4121212121212121,0.14501718213058418
85,6510000.0,8250.0,3,2.0,3,1,0,0,0,1,0,0,2,0.4121212121212121,0.4536082474226804
86,6510000.0,6670.0,3,1.0,3,1,0,1,0,0,0,1,0,0.4121212121212121,0.3450171821305842
87,6475000.0,3960.0,3,1.0,1,1,0,1,0,0,2,0,1,0.40909090909090906,0.15876288659793814
88,6475000.0,7410.0,3,1.0,1,1,1,1,0,1,2,1,0,0.40909090909090906,0.3958762886597938
89,6440000.0,8580.0,5,3.0,2,1,0,0,0,0,2,0,2,0.406060606060606,0.47628865979381435
90,6440000.0,5000.0,3,1.0,2,1,0,0,0,1,0,0,1,0.406060606060606,0.23024054982817865
91,6419000.0,6750.0,2,1.0,1,1,1,1,0,0,2,1,2,0.4042424242424243,0.35051546391752575
92,6405000.0,4800.0,3,2.0,4,1,1,0,0,1,0,0,2,0.40303030303030307,0.21649484536082475
93,6300000.0,7200.0,3,2.0,1,1,0,1,0,1,3,0,1,0.3939393939393939,0.38144329896907214
94,6300000.0,6000.0,4,2.0,4,1,0,0,0,0,1,0,1,0.3939393939393939,0.29896907216494845
95,6300000.0,4100.0,3,2.0,3,1,0,0,0,1,2,0,1,0.3939393939393939,0.16838487972508592
96,6300000.0,9000.0,3,1.0,1,1,0,1,0,0,1,1,2,0.3939393939393939,0.5051546391752577
97,6300000.0,6400.0,3,1.0,1,1,1,1,0,1,1,1,1,0.3939393939393939,0.32646048109965636
98,6293000.0,6600.0,3,2.0,3,1,0,0,0,1,0,1,0,0.3933333333333333,0.34020618556701027
99,6265000.0,6000.0,4,1.0,3,1,1,1,0,0,0,1,0,0.3909090909090909,0.29896907216494845
100,6230000.0,6600.0,3,2.0,1,1,0,1,0,1,0,1,0,0.3878787878787878,0.34020618556701027
101,6230000.0,5500.0,3,1.0,3,1,0,0,0,0,1,1,0,0.3878787878787878,0.2646048109965636
102,6195000.0,5500.0,3,2.0,4,1,1,0,0,1,1,0,1,0.3848484848484849,0.2646048109965636
103,6195000.0,6350.0,3,2.0,3,1,1,0,0,1,0,0,2,0.3848484848484849,0.32302405498281783
104,6195000.0,5500.0,3,2.0,1,1,1,1,0,0,2,1,2,0.3848484848484849,0.2646048109965636
105,6160000.0,4500.0,3,1.0,4,1,0,0,0,1,0,0,0,0.38181818181818183,0.19587628865979378
106,6160000.0,5450.0,4,2.0,1,1,0,1,0,1,0,1,1,0.38181818181818183,0.26116838487972505
107,6125000.0,6420.0,3,1.0,3,1,0,1,0,0,0,1,0,0.3787878787878788,0.32783505154639175
108,6107500.0,3240.0,4,1.0,3,1,0,0,0,0,1,0,1,0.3772727272727273,0.10927835051546392
109,6090000.0,6615.0,4,2.0,2,1,1,0,1,0,1,0,1,0.37575757575757573,0.3412371134020618
110,6090000.0,6600.0,3,1.0,1,1,1,1,0,0,2,1,1,0.37575757575757573,0.34020618556701027
111,6090000.0,8372.0,3,1.0,3,1,0,0,0,1,2,0,0,0.37575757575757573,0.46199312714776625
112,6083000.0,4300.0,6,2.0,2,1,0,0,0,0,0,0,2,0.3751515151515151,0.18213058419243983
113,6083000.0,9620.0,3,1.0,1,1,0,1,0,0,2,1,2,0.3751515151515151,0.547766323024055
114,6020000.0,6800.0,2,1.0,1,1,1,1,0,0,2,0,2,0.36969696969696975,0.3539518900343642
115,6020000.0,8000.0,3,1.0,1,1,1,1,0,1,2,1,1,0.36969696969696975,0.4364261168384879
117,5950000.0,3700.0,4,1.0,2,1,1,0,0,1,0,0,2,0.36363636363636365,0.140893470790378
118,5950000.0,6420.0,3,1.0,1,1,0,1,0,1,0,1,2,0.36363636363636365,0.32783505154639175
119,5950000.0,7020.0,3,1.0,1,1,0,1,0,1,2,1,1,0.36363636363636365,0.3690721649484536
120,5950000.0,6540.0,3,1.0,1,1,1,1,0,0,2,1,2,0.36363636363636365,0.3360824742268041
121,5950000.0,7231.0,3,1.0,2,1,1,1,0,1,0,1,1,0.36363636363636365,0.383573883161512
122,5950000.0,6254.0,4,2.0,1,1,0,1,0,0,1,1,1,0.36363636363636365,0.3164261168384879
123,5950000.0,7320.0,4,2.0,2,1,0,0,0,0,0,0,2,0.36363636363636365,0.38969072164948454
124,5950000.0,6525.0,3,2.0,4,1,0,0,0,0,1,0,2,0.36363636363636365,0.33505154639175255
125,5943000.0,15600.0,3,1.0,1,1,0,0,0,1,2,0,1,0.36303030303030304,0.9587628865979381
126,5880000.0,7160.0,3,1.0,1,1,0,1,0,0,2,1,0,0.35757575757575755,0.37869415807560136
127,5880000.0,6500.0,3,2.0,3,1,0,0,0,1,0,0,0,0.35757575757575755,0.3333333333333333
128,5873000.0,5500.0,3,1.0,3,1,1,0,0,1,1,0,2,0.35696969696969694,0.2646048109965636
129,5873000.0,11460.0,3,1.0,3,1,0,0,0,0,2,1,1,0.35696969696969694,0.6742268041237114
130,5866000.0,4800.0,3,1.0,1,1,1,1,0,0,0,0,0,0.3563636363636363,0.21649484536082475
131,5810000.0,5828.0,4,1.0,4,1,1,0,0,0,0,0,1,0.35151515151515156,0.287147766323024
132,5810000.0,5200.0,3,1.0,3,1,0,0,0,1,0,0,1,0.35151515151515156,0.2439862542955326
133,5810000.0,4800.0,3,1.0,3,1,0,0,0,1,0,0,0,0.35151515151515156,0.21649484536082475
134,5803000.0,7000.0,3,1.0,1,1,0,1,0,0,2,1,1,0.35090909090909095,0.3676975945017182
135,5775000.0,6000.0,3,2.0,4,1,0,0,0,1,0,0,0,0.3484848484848485,0.29896907216494845
136,5740000.0,5400.0,4,2.0,2,1,0,0,0,1,2,0,0,0.34545454545454546,0.25773195876288657
137,5740000.0,4640.0,4,1.0,2,1,0,0,0,0,1,0,1,0.34545454545454546,0.20549828178694157
138,5740000.0,5000.0,3,1.0,3,1,0,0,0,1,0,0,1,0.34545454545454546,0.23024054982817865
139,5740000.0,6360.0,3,1.0,1,1,1,1,0,1,2,1,2,0.34545454545454546,0.3237113402061855
140,5740000.0,5800.0,3,2.0,4,1,0,0,0,1,0,0,0,0.34545454545454546,0.2852233676975945
141,5652500.0,6660.0,4,2.0,2,1,1,1,0,0,1,1,1,0.3378787878787879,0.3443298969072165
142,5600000.0,10500.0,4,2.0,2,1,0,0,0,0,1,0,1,0.33333333333333326,0.6082474226804124
143,5600000.0,4800.0,5,2.0,3,0,0,1,1,0,0,0,0,0.33333333333333326,0.21649484536082475
144,5600000.0,4700.0,4,1.0,2,1,1,1,0,1,1,0,2,0.33333333333333326,0.20962199312714774
145,5600000.0,5000.0,3,1.0,4,1,0,0,0,0,0,0,2,0.33333333333333326,0.23024054982817865
146,5600000.0,10500.0,2,1.0,1,1,0,0,0,0,1,0,1,0.33333333333333326,0.6082474226804124
147,5600000.0,5500.0,3,2.0,2,1,0,0,0,0,1,0,1,0.33333333333333326,0.2646048109965636
148,5600000.0,6360.0,3,1.0,3,1,0,0,0,0,0,1,1,0.33333333333333326,0.3237113402061855
149,5600000.0,6600.0,4,2.0,1,1,0,1,0,0,0,1,1,0.33333333333333326,0.34020618556701027
150,5600000.0,5136.0,3,1.0,2,1,1,1,0,1,0,1,0,0.33333333333333326,0.23958762886597934
151,5565000.0,4400.0,4,1.0,2,1,0,0,0,1,2,1,1,0.3303030303030303,0.18900343642611683
152,5565000.0,5400.0,5,1.0,2,1,1,1,0,1,0,1,2,0.3303030303030303,0.25773195876288657
153,5530000.0,3300.0,3,3.0,2,1,0,1,0,0,0,0,1,0.32727272727272727,0.11340206185567009
154,5530000.0,3650.0,3,2.0,2,1,0,0,0,0,2,0,1,0.32727272727272727,0.13745704467353953
155,5530000.0,6100.0,3,2.0,1,1,0,1,0,0,2,1,2,0.32727272727272727,0.3058419243986254
156,5523000.0,6900.0,3,1.0,1,1,1,1,0,0,0,1,1,0.32666666666666666,0.36082474226804123
157,5495000.0,2817.0,4,2.0,2,0,1,1,0,0,1,0,2,0.3242424242424242,0.08020618556701031
158,5495000.0,7980.0,3,1.0,1,1,0,0,0,0,2,0,1,0.3242424242424242,0.43505154639175253
159,5460000.0,3150.0,3,2.0,1,1,1,1,0,1,0,0,2,0.32121212121212117,0.10309278350515463
160,5460000.0,6210.0,4,1.0,4,1,1,0,0,1,0,0,2,0.32121212121212117,0.3134020618556701
161,5460000.0,6100.0,3,1.0,3,1,1,0,0,1,0,1,1,0.32121212121212117,0.3058419243986254
162,5460000.0,6600.0,4,2.0,2,1,1,1,0,0,0,1,1,0.32121212121212117,0.34020618556701027
163,5425000.0,6825.0,3,1.0,1,1,1,1,0,1,0,1,1,0.3181818181818181,0.35567010309278346
164,5390000.0,6710.0,3,2.0,2,1,1,1,0,0,1,1,2,0.31515151515151507,0.34776632302405497
165,5383000.0,6450.0,3,2.0,1,1,1,1,1,0,0,0,0,0.3145454545454546,0.32989690721649484
166,5320000.0,7800.0,3,1.0,1,1,0,1,0,1,2,1,0,0.3090909090909091,0.422680412371134
167,5285000.0,4600.0,2,2.0,1,1,0,0,0,1,2,0,1,0.30606060606060603,0.2027491408934708
168,5250000.0,4260.0,4,1.0,2,1,0,1,0,1,0,0,2,0.303030303030303,0.17938144329896905
169,5250000.0,6540.0,4,2.0,2,0,0,0,0,1,0,0,1,0.303030303030303,0.3360824742268041
170,5250000.0,5500.0,3,2.0,1,1,0,1,0,0,0,0,1,0.303030303030303,0.2646048109965636
171,5250000.0,10269.0,3,1.0,1,1,0,0,0,0,1,1,1,0.303030303030303,0.5923711340206186
172,5250000.0,8400.0,3,1.0,2,1,1,1,0,1,2,1,0,0.303030303030303,0.46391752577319584
173,5250000.0,5300.0,4,2.0,1,1,0,0,0,1,0,1,0,0.303030303030303,0.2508591065292096
174,5250000.0,3800.0,3,1.0,2,1,1,1,0,0,1,1,0,0.303030303030303,0.14776632302405496
175,5250000.0,9800.0,4,2.0,2,1,1,0,0,0,2,0,1,0.303030303030303,0.5601374570446735
176,5250000.0,8520.0,3,1.0,1,1,0,0,0,1,2,0,2,0.303030303030303,0.4721649484536082
177,5243000.0,6050.0,3,1.0,1,1,0,1,0,0,0,1,1,0.3024242424242424,0.3024054982817869
178,5229000.0,7085.0,3,1.0,1,1,1,1,0,0,2,1,1,0.30121212121212115,0.3735395189003436
179,5215000.0,3180.0,3,2.0,2,1,0,0,0,0,2,0,1,0.29999999999999993,0.10515463917525772
180,5215000.0,4500.0,4,2.0,1,0,0,1,0,1,2,0,1,0.29999999999999993,0.19587628865979378
181,5215000.0,7200.0,3,1.0,2,1,1,1,0,0,1,1,2,0.29999999999999993,0.38144329896907214
182,5145000.0,3410.0,3,1.0,2,0,0,0,0,1,0,0,1,0.29393939393939394,0.12096219931271476
184,5110000.0,3000.0,3,2.0,2,1,1,1,0,0,0,0,2,0.2909090909090909,0.09278350515463918
185,5110000.0,3000.0,3,1.0,2,1,0,1,0,0,0,0,0,0.2909090909090909,0.09278350515463918
186,5110000.0,11410.0,2,1.0,2,1,0,0,0,0,0,1,2,0.2909090909090909,0.6707903780068729
187,5110000.0,6100.0,3,1.0,1,1,0,1,0,1,0,1,1,0.2909090909090909,0.3058419243986254
188,5075000.0,5720.0,2,1.0,2,1,0,0,0,1,0,1,0,0.28787878787878785,0.2797250859106529
189,5040000.0,3540.0,2,1.0,1,0,1,1,0,0,0,0,1,0.2848484848484848,0.12989690721649483
190,5040000.0,7600.0,4,1.0,2,1,0,0,0,1,2,0,2,0.2848484848484848,0.40893470790378
191,5040000.0,10700.0,3,1.0,2,1,1,1,0,0,0,0,1,0.2848484848484848,0.6219931271477663
192,5040000.0,6600.0,3,1.0,1,1,1,1,0,0,0,1,2,0.2848484848484848,0.34020618556701027
193,5033000.0,4800.0,2,1.0,1,1,1,1,0,0,0,0,1,0.2842424242424242,0.21649484536082475
194,5005000.0,8150.0,3,2.0,1,1,1,1,0,0,0,0,1,0.28181818181818175,0.44673539518900346
195,4970000.0,4410.0,4,3.0,2,1,0,1,0,0,2,0,1,0.2787878787878788,0.18969072164948453
196,4970000.0,7686.0,3,1.0,1,1,1,1,1,0,0,0,1,0.2787878787878788,0.41484536082474227
197,4956000.0,2800.0,3,2.0,2,0,0,1,0,1,1,0,1,0.2775757575757576,0.07903780068728522
198,4935000.0,5948.0,3,1.0,2,1,0,0,0,1,0,0,1,0.27575757575757576,0.2953951890034364
199,4907000.0,4200.0,3,1.0,2,1,0,0,0,0,1,0,2,0.2733333333333333,0.17525773195876287
200,4900000.0,4520.0,3,1.0,2,1,0,1,0,1,0,0,1,0.2727272727272727,0.19725085910652917
201,4900000.0,4095.0,3,1.0,2,0,1,1,0,1,0,0,1,0.2727272727272727,0.16804123711340208
202,4900000.0,4120.0,2,1.0,1,1,0,1,0,0,1,0,1,0.2727272727272727,0.1697594501718213
203,4900000.0,5400.0,4,1.0,2,1,0,0,0,0,0,0,1,0.2727272727272727,0.25773195876288657
204,4900000.0,4770.0,3,1.0,1,1,1,1,0,0,0,0,1,0.2727272727272727,0.2144329896907216
205,4900000.0,6300.0,3,1.0,1,1,0,0,0,1,2,0,1,0.2727272727272727,0.31958762886597936
206,4900000.0,5800.0,2,1.0,1,1,1,1,0,1,0,0,1,0.2727272727272727,0.2852233676975945
207,4900000.0,3000.0,3,1.0,2,1,0,1,0,1,0,0,1,0.2727272727272727,0.09278350515463918
208,4900000.0,2970.0,3,1.0,3,1,0,0,0,0,0,0,1,0.2727272727272727,0.0907216494845361
209,4900000.0,6720.0,3,1.0,1,1,0,0,0,0,0,0,0,0.2727272727272727,0.34845360824742266
210,4900000.0,4646.0,3,1.0,2,1,1,1,0,0,2,0,1,0.2727272727272727,0.20591065292096217
211,4900000.0,12900.0,3,1.0,1,1,0,0,0,0,2,0,2,0.2727272727272727,0.7731958762886597
212,4893000.0,3420.0,4,2.0,2,1,0,1,0,1,2,0,1,0.2721212121212121,0.12164948453608246
213,4893000.0,4995.0,4,2.0,1,1,0,1,0,0,0,0,1,0.2721212121212121,0.2298969072164948
214,4865000.0,4350.0,2,1.0,1,1,0,1,0,0,0,0,0,0.26969696969696966,0.18556701030927836
215,4830000.0,4160.0,3,1.0,3,1,0,0,0,0,0,0,0,0.2666666666666666,0.1725085910652921
216,4830000.0,6040.0,3,1.0,1,1,0,0,0,0,2,1,1,0.2666666666666666,0.3017182130584192
217,4830000.0,6862.0,3,1.0,2,1,0,0,0,1,2,1,2,0.2666666666666666,0.35821305841924395
218,4830000.0,4815.0,2,1.0,1,1,0,0,0,1,0,1,1,0.2666666666666666,0.2175257731958763
219,4795000.0,7000.0,3,1.0,2,1,0,1,0,0,0,0,0,0.26363636363636356,0.3676975945017182
220,4795000.0,8100.0,4,1.0,4,1,0,1,0,1,2,0,1,0.26363636363636356,0.4432989690721649
221,4767000.0,3420.0,4,2.0,2,1,0,0,0,0,0,0,1,0.26121212121212123,0.12164948453608246
222,4760000.0,9166.0,2,1.0,1,1,0,1,0,1,2,0,1,0.2606060606060606,0.5165635738831615
223,4760000.0,6321.0,3,1.0,2,1,0,1,0,1,1,0,2,0.2606060606060606,0.32103092783505155
224,4760000.0,10240.0,2,1.0,1,1,0,0,0,1,2,1,0,0.2606060606060606,0.5903780068728521
225,4753000.0,6440.0,2,1.0,1,1,0,0,0,1,3,0,1,0.26,0.32920962199312714
226,4690000.0,5170.0,3,1.0,4,1,0,0,0,1,0,0,1,0.2545454545454545,0.24192439862542953
227,4690000.0,6000.0,2,1.0,1,1,0,1,0,1,1,0,2,0.2545454545454545,0.29896907216494845
228,4690000.0,3630.0,3,1.0,2,1,0,0,0,0,2,0,1,0.2545454545454545,0.1360824742268041
229,4690000.0,9667.0,4,2.0,2,1,1,1,0,0,1,0,1,0.2545454545454545,0.5509965635738832
230,4690000.0,5400.0,2,1.0,2,1,0,0,0,0,0,1,1,0.2545454545454545,0.25773195876288657
231,4690000.0,4320.0,3,1.0,1,1,0,0,0,0,0,1,1,0.2545454545454545,0.18350515463917527
232,4655000.0,3745.0,3,1.0,2,1,0,1,0,0,0,0,2,0.25151515151515147,0.14398625429553263
233,4620000.0,4160.0,3,1.0,1,1,1,1,0,1,0,0,0,0.24848484848484845,0.1725085910652921
234,4620000.0,3880.0,3,2.0,2,1,0,1,0,0,2,0,1,0.24848484848484845,0.15326460481099657
235,4620000.0,5680.0,3,1.0,2,1,1,0,0,1,1,0,1,0.24848484848484845,0.2769759450171821
236,4620000.0,2870.0,2,1.0,2,1,1,1,0,0,0,1,1,0.24848484848484845,0.08384879725085911
237,4620000.0,5010.0,3,1.0,2,1,0,1,0,0,0,0,1,0.24848484848484845,0.2309278350515464
238,4613000.0,4510.0,4,2.0,2,1,0,1,0,0,0,0,1,0.24787878787878784,0.19656357388316148
239,4585000.0,4000.0,3,1.0,2,1,0,0,0,0,1,0,2,0.24545454545454545,0.16151202749140892
240,4585000.0,3840.0,3,1.0,2,1,0,0,0,0,1,1,1,0.24545454545454545,0.15051546391752574
241,4550000.0,3760.0,3,1.0,1,1,0,0,0,0,2,0,1,0.2424242424242424,0.14501718213058418
242,4550000.0,3640.0,3,1.0,2,1,0,0,0,1,0,0,2,0.2424242424242424,0.13676975945017184
243,4550000.0,2550.0,3,1.0,2,1,0,1,0,0,0,0,2,0.2424242424242424,0.061855670103092786
244,4550000.0,5320.0,3,1.0,2,1,1,1,0,0,0,1,1,0.2424242424242424,0.252233676975945
245,4550000.0,5360.0,3,1.0,2,1,0,0,0,0,2,1,0,0.2424242424242424,0.2549828178694158
246,4550000.0,3520.0,3,1.0,1,1,0,0,0,0,0,1,1,0.2424242424242424,0.12852233676975944
247,4550000.0,8400.0,4,1.0,4,1,0,0,0,0,3,0,0,0.2424242424242424,0.46391752577319584
248,4543000.0,4100.0,2,2.0,1,1,1,1,0,0,0,0,1,0.2418181818181818,0.16838487972508592
249,4543000.0,4990.0,4,2.0,2,1,1,1,0,0,0,1,2,0.2418181818181818,0.22955326460481096
250,4515000.0,3510.0,3,1.0,3,1,0,0,0,0,0,0,1,0.23939393939393935,0.12783505154639174
251,4515000.0,3450.0,3,1.0,2,1,0,1,0,0,1,0,1,0.23939393939393935,0.12371134020618557
252,4515000.0,9860.0,3,1.0,1,1,0,0,0,0,0,0,1,0.23939393939393935,0.5642611683848797
253,4515000.0,3520.0,2,1.0,2,1,0,0,0,0,0,1,2,0.23939393939393935,0.12852233676975944
254,4480000.0,4510.0,4,1.0,2,1,0,0,0,1,2,0,1,0.23636363636363636,0.19656357388316148
256,4480000.0,4000.0,3,1.0,2,1,0,0,0,0,2,0,2,0.23636363636363636,0.16151202749140892
257,4480000.0,8250.0,3,1.0,1,1,0,0,0,0,0,0,2,0.23636363636363636,0.4536082474226804
258,4480000.0,4040.0,3,1.0,2,1,0,0,0,0,1,0,1,0.23636363636363636,0.1642611683848797
259,4473000.0,6360.0,2,1.0,1,1,0,1,0,1,1,0,2,0.23575757575757575,0.3237113402061855
260,4473000.0,3162.0,3,1.0,2,1,0,0,0,1,1,0,2,0.23575757575757575,0.10391752577319588
261,4473000.0,3510.0,3,1.0,2,1,0,0,0,0,0,0,1,0.23575757575757575,0.12783505154639174
262,4445000.0,3750.0,2,1.0,1,1,1,1,0,0,0,0,1,0.2333333333333333,0.14432989690721648
263,4410000.0,3968.0,3,1.0,2,0,0,0,0,0,0,0,1,0.23030303030303026,0.15931271477663228
264,4410000.0,4900.0,2,1.0,2,1,0,1,0,0,0,0,1,0.23030303030303026,0.2233676975945017
265,4403000.0,2880.0,3,1.0,2,1,0,0,0,0,0,1,1,0.22969696969696965,0.08453608247422681
266,4403000.0,4880.0,3,1.0,1,1,0,0,0,0,2,1,0,0.22969696969696965,0.2219931271477663
267,4403000.0,4920.0,3,1.0,2,1,0,0,0,0,1,0,1,0.22969696969696965,0.2247422680412371
268,4382000.0,4950.0,4,1.0,2,1,0,0,0,1,0,0,1,0.22787878787878788,0.22680412371134018
269,4375000.0,3900.0,3,1.0,2,1,0,0,0,0,0,0,0,0.22727272727272727,0.15463917525773196
270,4340000.0,4500.0,3,2.0,3,1,0,0,1,0,1,0,2,0.22424242424242422,0.19587628865979378
271,4340000.0,1905.0,5,1.0,2,0,0,1,0,0,0,0,1,0.22424242424242422,0.017525773195876282
272,4340000.0,4075.0,3,1.0,1,1,1,1,0,0,2,0,1,0.22424242424242422,0.16666666666666669
273,4340000.0,3500.0,4,1.0,2,1,0,0,0,0,2,0,2,0.22424242424242422,0.12714776632302405
274,4340000.0,6450.0,4,1.0,2,1,0,0,0,0,0,0,1,0.22424242424242422,0.32989690721649484
275,4319000.0,4032.0,2,1.0,1,1,0,1,0,0,0,0,2,0.22242424242424239,0.16371134020618555
276,4305000.0,4400.0,2,1.0,1,1,0,0,0,0,1,0,1,0.22121212121212117,0.18900343642611683
277,4305000.0,10360.0,2,1.0,1,1,0,0,0,0,1,1,1,0.22121212121212117,0.5986254295532645
278,4277000.0,3400.0,3,1.0,2,1,0,1,0,0,2,1,1,0.21878787878787878,0.12027491408934707
279,4270000.0,6360.0,2,1.0,1,1,0,0,0,0,0,0,2,0.21818181818181817,0.3237113402061855
280,4270000.0,6360.0,2,1.0,2,1,0,0,0,0,0,0,0,0.21818181818181817,0.3237113402061855
281,4270000.0,4500.0,2,1.0,1,1,0,0,0,1,2,0,2,0.21818181818181817,0.19587628865979378
282,4270000.0,2175.0,3,1.0,2,0,1,1,0,1,0,0,0,0.21818181818181817,0.036082474226804134
283,4270000.0,4360.0,4,1.0,2,1,0,0,0,0,0,0,2,0.21818181818181817,0.18625429553264605
284,4270000.0,7770.0,2,1.0,1,1,0,0,0,0,1,0,2,0.21818181818181817,0.42061855670103093
285,4235000.0,6650.0,3,1.0,2,1,1,0,0,0,0,0,1,0.21515151515151512,0.3436426116838488
286,4235000.0,2787.0,3,1.0,1,1,0,1,0,0,0,1,2,0.21515151515151512,0.07814432989690723
287,4200000.0,5500.0,3,1.0,2,1,0,0,0,1,0,0,0,0.21212121212121213,0.2646048109965636
288,4200000.0,5040.0,3,1.0,2,1,0,1,0,1,0,0,0,0.21212121212121213,0.2329896907216495
289,4200000.0,5850.0,2,1.0,1,1,1,1,0,0,2,0,1,0.21212121212121213,0.28865979381443296
290,4200000.0,2610.0,4,3.0,2,0,0,0,0,0,0,0,1,0.21212121212121213,0.06597938144329896
291,4200000.0,2953.0,3,1.0,2,1,0,1,0,1,0,0,0,0.21212121212121213,0.089553264604811
292,4200000.0,2747.0,4,2.0,2,0,0,0,0,0,0,0,1,0.21212121212121213,0.07539518900343642
293,4200000.0,4410.0,2,1.0,1,0,0,0,0,0,1,0,0,0.21212121212121213,0.18969072164948453
294,4200000.0,4000.0,4,2.0,2,0,0,0,0,0,0,0,1,0.21212121212121213,0.16151202749140892
295,4200000.0,2325.0,3,1.0,2,0,0,0,0,0,0,0,1,0.21212121212121213,0.04639175257731959
296,4200000.0,4600.0,3,2.0,2,1,0,0,0,1,1,0,1,0.21212121212121213,0.2027491408934708
297,4200000.0,3640.0,3,2.0,2,1,0,1,0,0,0,0,0,0.21212121212121213,0.13676975945017184
298,4200000.0,5800.0,3,1.0,1,1,0,0,1,0,2,0,1,0.21212121212121213,0.2852233676975945
299,4200000.0,7000.0,3,1.0,1,1,0,0,0,0,3,0,2,0.21212121212121213,0.3676975945017182
300,4200000.0,4079.0,3,1.0,3,1,0,0,0,0,0,0,1,0.21212121212121213,0.16694158075601373
301,4200000.0,3520.0,3,1.0,2,1,0,0,0,0,0,1,1,0.21212121212121213,0.12852233676975944
302,4200000.0,2145.0,3,1.0,3,1,0,0,0,0,1,1,0,0.21212121212121213,0.03402061855670102
303,4200000.0,4500.0,3,1.0,1,1,0,1,0,0,0,0,2,0.21212121212121213,0.19587628865979378
304,4193000.0,8250.0,3,1.0,1,1,0,1,0,0,3,0,1,0.21151515151515152,0.4536082474226804
305,4193000.0,3450.0,3,1.0,2,1,0,0,0,0,1,0,1,0.21151515151515152,0.12371134020618557
306,4165000.0,4840.0,3,1.0,2,1,0,0,0,0,1,0,1,0.20909090909090908,0.21924398625429553
307,4165000.0,4080.0,3,1.0,2,1,0,0,0,0,2,0,1,0.20909090909090908,0.16701030927835053
308,4165000.0,4046.0,3,1.0,2,1,0,1,0,0,1,0,1,0.20909090909090908,0.16467353951890035
309,4130000.0,4632.0,4,1.0,2,1,0,0,0,1,0,0,1,0.20606060606060603,0.20494845360824743
310,4130000.0,5985.0,3,1.0,1,1,0,1,0,0,0,0,1,0.20606060606060603,0.2979381443298969
311,4123000.0,6060.0,2,1.0,1,1,0,1,0,0,1,0,1,0.20545454545454542,0.3030927835051546
312,4098500.0,3600.0,3,1.0,1,1,0,1,0,1,0,1,2,0.20333333333333334,0.13402061855670103
313,4095000.0,3680.0,3,2.0,2,1,0,0,0,0,0,0,1,0.20303030303030303,0.13951890034364262
314,4095000.0,4040.0,2,1.0,2,1,0,0,0,0,1,0,1,0.20303030303030303,0.1642611683848797
315,4095000.0,5600.0,2,1.0,1,1,0,0,0,1,0,0,1,0.20303030303030303,0.27147766323024053
316,4060000.0,5900.0,4,2.0,2,0,0,1,0,0,1,0,0,0.19999999999999998,0.29209621993127144
317,4060000.0,4992.0,3,2.0,2,1,0,0,0,0,2,0,0,0.19999999999999998,0.2296907216494845
318,4060000.0,4340.0,3,1.0,1,1,0,0,0,0,0,0,1,0.19999999999999998,0.18487972508591066
319,4060000.0,3000.0,4,1.0,3,1,0,1,0,1,2,0,1,0.19999999999999998,0.09278350515463918
320,4060000.0,4320.0,3,1.0,2,1,0,0,0,0,2,1,2,0.19999999999999998,0.18350515463917527
321,4025000.0,3630.0,3,2.0,2,1,0,0,1,0,2,0,1,0.19696969696969693,0.1360824742268041
322,4025000.0,3460.0,3,2.0,1,1,0,1,0,1,1,0,2,0.19696969696969693,0.12439862542955327
323,4025000.0,5400.0,3,1.0,1,1,0,0,0,0,3,0,1,0.19696969696969693,0.25773195876288657
324,4007500.0,4500.0,3,1.0,2,0,0,1,0,1,0,0,1,0.1954545454545454,0.19587628865979378
325,4007500.0,3460.0,4,1.0,2,1,0,0,0,1,0,0,1,0.1954545454545454,0.12439862542955327
326,3990000.0,4100.0,4,1.0,1,0,0,1,0,0,0,0,0,0.19393939393939394,0.16838487972508592
327,3990000.0,6480.0,3,1.0,2,0,0,0,0,1,1,0,1,0.19393939393939394,0.3319587628865979
328,3990000.0,4500.0,3,2.0,2,0,0,1,0,1,0,0,1,0.19393939393939394,0.19587628865979378
329,3990000.0,3960.0,3,1.0,2,1,0,0,0,0,0,0,2,0.19393939393939394,0.15876288659793814
330,3990000.0,4050.0,2,1.0,2,1,1,1,0,0,0,1,0,0.19393939393939394,0.1649484536082474
331,3920000.0,7260.0,3,2.0,1,1,1,1,0,0,3,0,2,0.18787878787878784,0.3855670103092783
332,3920000.0,5500.0,4,1.0,2,1,1,1,0,0,0,0,1,0.18787878787878784,0.2646048109965636
333,3920000.0,3000.0,3,1.0,2,1,0,0,0,0,0,0,1,0.18787878787878784,0.09278350515463918
334,3920000.0,3290.0,2,1.0,1,1,0,0,1,0,1,0,2,0.18787878787878784,0.1127147766323024
335,3920000.0,3816.0,2,1.0,1,1,0,1,0,1,2,0,2,0.18787878787878784,0.1488659793814433
336,3920000.0,8080.0,3,1.0,1,1,0,0,0,1,2,0,1,0.18787878787878784,0.4419243986254295
337,3920000.0,2145.0,4,2.0,1,1,0,1,0,0,0,1,0,0.18787878787878784,0.03402061855670102
338,3885000.0,3780.0,2,1.0,2,1,1,1,0,0,0,0,1,0.18484848484848485,0.14639175257731957
339,3885000.0,3180.0,4,2.0,2,1,0,0,0,0,0,0,2,0.18484848484848485,0.10515463917525772
340,3850000.0,5300.0,5,2.0,2,1,0,0,0,0,0,0,1,0.1818181818181818,0.2508591065292096
341,3850000.0,3180.0,2,2.0,1,1,0,1,0,0,2,0,1,0.1818181818181818,0.10515463917525772
342,3850000.0,7152.0,3,1.0,2,1,0,0,0,1,0,0,2,0.1818181818181818,0.3781443298969072
343,3850000.0,4080.0,2,1.0,1,1,0,0,0,0,0,0,1,0.1818181818181818,0.16701030927835053
344,3850000.0,3850.0,2,1.0,1,1,0,0,0,0,0,0,1,0.1818181818181818,0.1512027491408935
345,3850000.0,2015.0,3,1.0,2,1,0,1,0,0,0,1,1,0.1818181818181818,0.025085910652920956
346,3850000.0,2176.0,2,1.0,2,1,1,0,0,0,0,1,1,0.1818181818181818,0.03615120274914091
347,3836000.0,3350.0,3,1.0,2,1,0,0,0,0,0,0,0,0.18060606060606058,0.11683848797250859
348,3815000.0,3150.0,2,2.0,1,0,0,1,0,0,0,0,1,0.17878787878787875,0.10309278350515463
349,3780000.0,4820.0,3,1.0,2,1,0,0,0,0,0,0,1,0.17575757575757575,0.21786941580756014
350,3780000.0,3420.0,2,1.0,2,1,0,0,1,0,1,0,1,0.17575757575757575,0.12164948453608246
351,3780000.0,3600.0,2,1.0,1,1,0,0,0,0,0,0,1,0.17575757575757575,0.13402061855670103
353,3780000.0,2856.0,3,1.0,3,1,0,0,0,0,0,1,2,0.17575757575757575,0.08288659793814432
354,3780000.0,8400.0,2,1.0,1,1,0,0,0,0,1,0,2,0.17575757575757575,0.46391752577319584
355,3773000.0,8250.0,3,1.0,1,1,0,0,0,0,2,0,2,0.17515151515151514,0.4536082474226804
356,3773000.0,2520.0,5,2.0,1,0,0,1,0,1,1,0,2,0.17515151515151514,0.0597938144329897
357,3773000.0,6930.0,4,1.0,2,0,0,0,0,0,1,0,2,0.17515151515151514,0.3628865979381443
358,3745000.0,3480.0,2,1.0,1,1,0,0,0,0,0,1,1,0.1727272727272727,0.12577319587628866
359,3710000.0,3600.0,3,1.0,1,1,0,0,0,0,1,0,0,0.16969696969696965,0.13402061855670103
360,3710000.0,4040.0,2,1.0,1,1,0,0,0,0,0,0,1,0.16969696969696965,0.1642611683848797
361,3710000.0,6020.0,3,1.0,1,1,0,0,0,0,0,0,1,0.16969696969696965,0.30034364261168384
362,3710000.0,4050.0,2,1.0,1,1,0,0,0,0,0,0,2,0.16969696969696965,0.1649484536082474
363,3710000.0,3584.0,2,1.0,1,1,0,0,1,0,0,0,1,0.16969696969696965,0.1329209621993127
364,3703000.0,3120.0,3,1.0,2,0,0,1,1,0,0,0,1,0.1690909090909091,0.10103092783505155
365,3703000.0,5450.0,2,1.0,1,1,0,0,0,0,0,0,2,0.1690909090909091,0.26116838487972505
366,3675000.0,3630.0,2,1.0,1,1,0,1,0,0,0,0,2,0.16666666666666666,0.1360824742268041
367,3675000.0,3630.0,2,1.0,1,1,0,0,0,1,0,0,0,0.16666666666666666,0.1360824742268041
368,3675000.0,5640.0,2,1.0,1,0,0,0,0,0,0,0,1,0.16666666666666666,0.2742268041237113
369,3675000.0,3600.0,2,1.0,1,1,0,0,0,0,0,0,2,0.16666666666666666,0.13402061855670103
370,3640000.0,4280.0,2,1.0,1,1,0,0,0,1,2,0,1,0.1636363636363636,0.18075601374570444
371,3640000.0,3570.0,3,1.0,2,1,0,1,0,0,0,0,1,0.1636363636363636,0.13195876288659794
372,3640000.0,3180.0,3,1.0,2,0,0,1,0,0,0,0,1,0.1636363636363636,0.10515463917525772
373,3640000.0,3000.0,2,1.0,2,1,0,0,0,1,0,0,2,0.1636363636363636,0.09278350515463918
374,3640000.0,3520.0,2,2.0,1,1,0,1,0,0,0,0,1,0.1636363636363636,0.12852233676975944
375,3640000.0,5960.0,3,1.0,2,1,1,1,0,0,0,0,0,0.1636363636363636,0.29621993127147767
376,3640000.0,4130.0,3,2.0,2,1,0,0,0,0,2,0,1,0.1636363636363636,0.170446735395189
377,3640000.0,2850.0,3,2.0,2,0,0,1,0,0,0,1,0,0.1636363636363636,0.0824742268041237
378,3640000.0,2275.0,3,1.0,3,1,0,0,1,1,0,1,1,0.1636363636363636,0.042955326460481114
379,3633000.0,3520.0,3,1.0,1,1,0,0,0,0,2,1,0,0.163030303030303,0.12852233676975944
380,3605000.0,4500.0,2,1.0,1,1,0,0,0,0,0,0,1,0.1606060606060606,0.19587628865979378
381,3605000.0,4000.0,2,1.0,1,1,0,0,0,0,0,1,1,0.1606060606060606,0.16151202749140892
382,3570000.0,3150.0,3,1.0,2,1,0,1,0,0,0,0,2,0.15757575757575756,0.10309278350515463
383,3570000.0,4500.0,4,2.0,2,1,0,1,0,0,2,0,2,0.15757575757575756,0.19587628865979378
384,3570000.0,4500.0,2,1.0,1,0,0,0,0,0,0,0,2,0.15757575757575756,0.19587628865979378
385,3570000.0,3640.0,2,1.0,1,1,0,0,0,0,0,0,0,0.15757575757575756,0.13676975945017184
386,3535000.0,3850.0,3,1.0,1,1,0,0,0,0,2,0,0,0.1545454545454545,0.1512027491408935
387,3500000.0,4240.0,3,1.0,2,1,0,0,0,1,0,0,1,0.15151515151515152,0.17800687285223366
388,3500000.0,3650.0,3,1.0,2,1,0,0,0,0,0,0,0,0.15151515151515152,0.13745704467353953
389,3500000.0,4600.0,4,1.0,2,1,0,0,0,0,0,0,1,0.15151515151515152,0.2027491408934708
390,3500000.0,2135.0,3,2.0,2,0,0,0,0,0,0,0,0,0.15151515151515152,0.033333333333333326
391,3500000.0,3036.0,3,1.0,2,1,0,1,0,0,0,0,1,0.15151515151515152,0.09525773195876289
392,3500000.0,3990.0,3,1.0,2,1,0,0,0,0,0,0,1,0.15151515151515152,0.16082474226804122
393,3500000.0,7424.0,3,1.0,1,0,0,0,0,0,0,0,0,0.15151515151515152,0.3968384879725086
394,3500000.0,3480.0,3,1.0,1,0,0,0,0,1,0,0,0,0.15151515151515152,0.12577319587628866
395,3500000.0,3600.0,6,1.0,2,1,0,0,0,0,1,0,0,0.15151515151515152,0.13402061855670103
396,3500000.0,3640.0,2,1.0,1,1,0,0,0,0,1,0,1,0.15151515151515152,0.13676975945017184
397,3500000.0,5900.0,2,1.0,1,1,0,0,0,0,1,0,2,0.15151515151515152,0.29209621993127144
398,3500000.0,3120.0,3,1.0,2,1,0,0,0,0,1,0,0,0.15151515151515152,0.10103092783505155
399,3500000.0,7350.0,2,1.0,1,1,0,0,0,0,1,0,1,0.15151515151515152,0.3917525773195876
400,3500000.0,3512.0,2,1.0,1,1,0,0,0,0,1,1,0,0.15151515151515152,0.1279725085910653
401,3500000.0,9500.0,3,1.0,2,1,0,0,0,0,3,1,0,0.15151515151515152,0.5395189003436425
402,3500000.0,5880.0,2,1.0,1,1,0,0,0,0,0,0,0,0.15151515151515152,0.29072164948453605
403,3500000.0,12944.0,3,1.0,1,1,0,0,0,0,0,0,0,0.15151515151515152,0.7762199312714777
404,3493000.0,4900.0,3,1.0,2,0,0,0,0,0,0,0,0,0.1509090909090909,0.2233676975945017
405,3465000.0,3060.0,3,1.0,1,1,0,0,0,0,0,0,0,0.14848484848484847,0.09690721649484535
406,3465000.0,5320.0,2,1.0,1,1,0,0,0,0,1,1,0,0.14848484848484847,0.252233676975945
407,3465000.0,2145.0,3,1.0,3,1,0,0,0,0,0,1,2,0.14848484848484847,0.03402061855670102
408,3430000.0,4000.0,2,1.0,1,1,0,0,0,0,0,0,0,0.14545454545454542,0.16151202749140892
409,3430000.0,3185.0,2,1.0,1,1,0,0,0,0,2,0,0,0.14545454545454542,0.10549828178694157
410,3430000.0,3850.0,3,1.0,1,1,0,0,0,0,0,0,0,0.14545454545454542,0.1512027491408935
411,3430000.0,2145.0,3,1.0,3,1,0,0,0,0,0,1,2,0.14545454545454542,0.03402061855670102
412,3430000.0,2610.0,3,1.0,2,1,0,1,0,0,0,1,0,0.14545454545454542,0.06597938144329896
413,3430000.0,1950.0,3,2.0,2,1,0,1,0,0,0,1,0,0.14545454545454542,0.020618556701030938
414,3423000.0,4040.0,2,1.0,1,1,0,0,0,0,0,0,0,0.1448484848484848,0.1642611683848797
415,3395000.0,4785.0,3,1.0,2,1,1,1,0,1,1,0,2,0.14242424242424243,0.2154639175257732
416,3395000.0,3450.0,3,1.0,1,1,0,1,0,0,2,0,0,0.14242424242424243,0.12371134020618557
417,3395000.0,3640.0,2,1.0,1,1,0,0,0,0,0,0,2,0.14242424242424243,0.13676975945017184
418,3360000.0,3500.0,4,1.0,2,1,0,0,0,1,2,0,0,0.13939393939393938,0.12714776632302405
419,3360000.0,4960.0,4,1.0,3,0,0,0,0,0,0,0,1,0.13939393939393938,0.22749140893470787
420,3360000.0,4120.0,2,1.0,2,1,0,0,0,0,0,0,0,0.13939393939393938,0.1697594501718213
421,3360000.0,4750.0,2,1.0,1,1,0,0,0,0,0,0,0,0.13939393939393938,0.21305841924398622
422,3360000.0,3720.0,2,1.0,1,0,0,0,0,1,0,0,0,0.13939393939393938,0.1422680412371134
423,3360000.0,3750.0,3,1.0,1,1,0,0,0,0,0,0,0,0.13939393939393938,0.14432989690721648
424,3360000.0,3100.0,3,1.0,2,0,0,1,0,0,0,0,1,0.13939393939393938,0.09965635738831616
425,3360000.0,3185.0,2,1.0,1,1,0,1,0,0,2,0,2,0.13939393939393938,0.10549828178694157
426,3353000.0,2700.0,3,1.0,1,0,0,0,0,0,0,0,2,0.13878787878787877,0.07216494845360824
427,3332000.0,2145.0,3,1.0,2,1,0,1,0,0,0,1,2,0.13696969696969694,0.03402061855670102
428,3325000.0,4040.0,2,1.0,1,1,0,0,0,0,1,0,0,0.13636363636363633,0.1642611683848797
429,3325000.0,4775.0,4,1.0,2,1,0,0,0,0,0,0,0,0.13636363636363633,0.2147766323024055
430,3290000.0,2500.0,2,1.0,1,0,0,0,0,1,0,0,0,0.13333333333333333,0.05841924398625428
431,3290000.0,3180.0,4,1.0,2,1,0,1,0,1,0,0,0,0.13333333333333333,0.10515463917525772
432,3290000.0,6060.0,3,1.0,1,1,1,1,0,0,0,0,2,0.13333333333333333,0.3030927835051546
433,3290000.0,3480.0,4,1.0,2,0,0,0,0,0,1,0,1,0.13333333333333333,0.12577319587628866
434,3290000.0,3792.0,4,1.0,2,1,0,0,0,0,0,0,1,0.13333333333333333,0.1472164948453608
435,3290000.0,4040.0,2,1.0,1,1,0,0,0,0,0,0,0,0.13333333333333333,0.1642611683848797
436,3290000.0,2145.0,3,1.0,2,1,0,1,0,0,0,1,2,0.13333333333333333,0.03402061855670102
437,3290000.0,5880.0,3,1.0,1,1,0,0,0,0,1,0,0,0.13333333333333333,0.29072164948453605
438,3255000.0,4500.0,2,1.0,1,0,0,0,0,0,0,0,1,0.13030303030303028,0.19587628865979378
439,3255000.0,3930.0,2,1.0,1,0,0,0,0,0,0,0,0,0.13030303030303028,0.15670103092783505
440,3234000.0,3640.0,4,1.0,2,1,0,1,0,0,0,0,0,0.12848484848484845,0.13676975945017184
441,3220000.0,4370.0,3,1.0,2,1,0,0,0,0,0,0,0,0.12727272727272723,0.18694158075601375
442,3220000.0,2684.0,2,1.0,1,1,0,0,0,1,1,0,0,0.12727272727272723,0.07106529209621992
443,3220000.0,4320.0,3,1.0,1,0,0,0,0,0,1,0,0,0.12727272727272723,0.18350515463917527
444,3220000.0,3120.0,3,1.0,2,0,0,0,0,0,0,0,2,0.12727272727272723,0.10103092783505155
445,3150000.0,3450.0,1,1.0,1,1,0,0,0,0,0,0,2,0.12121212121212119,0.12371134020618557
446,3150000.0,3986.0,2,2.0,1,0,1,1,0,0,1,0,0,0.12121212121212119,0.16054982817869418
447,3150000.0,3500.0,2,1.0,1,0,0,1,0,0,0,0,1,0.12121212121212119,0.12714776632302405
448,3150000.0,4095.0,2,1.0,1,1,0,0,0,0,2,0,1,0.12121212121212119,0.16804123711340208
449,3150000.0,1650.0,3,1.0,2,0,0,1,0,0,0,0,0,0.12121212121212119,0.0
450,3150000.0,3450.0,3,1.0,2,1,0,1,0,0,0,0,1,0.12121212121212119,0.12371134020618557
451,3150000.0,6750.0,2,1.0,1,1,0,0,0,0,0,0,1,0.12121212121212119,0.35051546391752575
452,3150000.0,9000.0,3,1.0,2,1,0,0,0,0,2,0,1,0.12121212121212119,0.5051546391752577
453,3150000.0,3069.0,2,1.0,1,1,0,0,0,0,1,0,0,0.12121212121212119,0.0975257731958763
454,3143000.0,4500.0,3,1.0,2,1,0,0,0,1,0,0,0,0.12060606060606058,0.19587628865979378
455,3129000.0,5495.0,3,1.0,1,1,0,1,0,0,0,0,0,0.11939393939393936,0.26426116838487973
456,3118850.0,2398.0,3,1.0,1,1,0,0,0,0,0,1,1,0.11851515151515149,0.05140893470790378
457,3115000.0,3000.0,3,1.0,1,0,0,0,0,1,0,0,0,0.11818181818181814,0.09278350515463918
459,3115000.0,3500.0,2,1.0,1,1,0,0,0,0,0,0,0,0.11818181818181814,0.12714776632302405
460,3087000.0,8100.0,2,1.0,1,1,0,0,0,0,1,0,0,0.11575757575757575,0.4432989690721649
461,3080000.0,4960.0,2,1.0,1,1,0,1,0,1,0,0,0,0.11515151515151514,0.22749140893470787
462,3080000.0,2160.0,3,1.0,2,0,0,1,0,0,0,0,1,0.11515151515151514,0.03505154639175259
463,3080000.0,3090.0,2,1.0,1,1,1,1,0,0,0,0,0,0.11515151515151514,0.09896907216494846
464,3080000.0,4500.0,2,1.0,2,1,0,0,1,0,1,0,1,0.11515151515151514,0.19587628865979378
465,3045000.0,3800.0,2,1.0,1,1,0,0,0,0,0,0,0,0.1121212121212121,0.14776632302405496
466,3010000.0,3090.0,3,1.0,2,0,0,0,0,0,0,0,1,0.1090909090909091,0.09896907216494846
467,3010000.0,3240.0,3,1.0,2,1,0,0,0,0,2,0,1,0.1090909090909091,0.10927835051546392
468,3010000.0,2835.0,2,1.0,1,1,0,0,0,0,0,0,1,0.1090909090909091,0.08144329896907215
469,3010000.0,4600.0,2,1.0,1,1,0,0,0,0,0,0,2,0.1090909090909091,0.2027491408934708
470,3010000.0,5076.0,3,1.0,1,0,0,0,0,0,0,0,0,0.1090909090909091,0.23546391752577317
471,3010000.0,3750.0,3,1.0,2,1,0,0,0,0,0,0,0,0.1090909090909091,0.14432989690721648
472,3010000.0,3630.0,4,1.0,2,1,0,0,0,0,3,0,1,0.1090909090909091,0.1360824742268041
473,3003000.0,8050.0,2,1.0,1,1,0,0,0,0,0,0,0,0.10848484848484849,0.4398625429553264
474,2975000.0,4352.0,4,1.0,2,0,0,0,0,0,1,0,0,0.10606060606060605,0.1857044673539519
475,2961000.0,3000.0,2,1.0,2,1,0,0,0,0,0,0,1,0.10484848484848483,0.09278350515463918
476,2940000.0,5850.0,3,1.0,2,1,0,1,0,0,1,0,0,0.103030303030303,0.28865979381443296
477,2940000.0,4960.0,2,1.0,1,1,0,0,0,0,0,0,0,0.103030303030303,0.22749140893470787
478,2940000.0,3600.0,3,1.0,2,0,0,0,0,0,1,0,0,0.103030303030303,0.13402061855670103
479,2940000.0,3660.0,4,1.0,2,0,0,0,0,0,0,0,0,0.103030303030303,0.13814432989690723
480,2940000.0,3480.0,3,1.0,2,0,0,0,0,0,1,0,1,0.103030303030303,0.12577319587628866
481,2940000.0,2700.0,2,1.0,1,0,0,0,0,0,0,0,2,0.103030303030303,0.07216494845360824
482,2940000.0,3150.0,3,1.0,2,0,0,0,0,0,0,0,0,0.103030303030303,0.10309278350515463
483,2940000.0,6615.0,3,1.0,2,1,0,0,0,0,0,0,1,0.103030303030303,0.3412371134020618
484,2870000.0,3040.0,2,1.0,1,0,0,0,0,0,0,0,0,0.09696969696969696,0.09553264604810996
485,2870000.0,3630.0,2,1.0,1,1,0,0,0,0,0,0,0,0.09696969696969696,0.1360824742268041
486,2870000.0,6000.0,2,1.0,1,1,0,0,0,0,0,0,1,0.09696969696969696,0.29896907216494845
487,2870000.0,5400.0,4,1.0,2,1,0,0,0,0,0,0,0,0.09696969696969696,0.25773195876288657
488,2852500.0,5200.0,4,1.0,3,1,0,0,0,0,0,0,0,0.09545454545454543,0.2439862542955326
489,2835000.0,3300.0,3,1.0,2,0,0,0,0,0,1,0,1,0.09393939393939393,0.11340206185567009
490,2835000.0,4350.0,3,1.0,2,0,0,0,1,0,1,0,0,0.09393939393939393,0.18556701030927836
491,2835000.0,2640.0,2,1.0,1,0,0,0,0,0,1,0,2,0.09393939393939393,0.06804123711340207
492,2800000.0,2650.0,3,1.0,2,1,0,1,0,0,1,0,0,0.09090909090909088,0.06872852233676977
493,2800000.0,3960.0,3,1.0,1,1,0,0,0,0,0,0,2,0.09090909090909088,0.15876288659793814
494,2730000.0,6800.0,2,1.0,1,1,0,0,0,0,0,0,0,0.08484848484848484,0.3539518900343642
495,2730000.0,4000.0,3,1.0,2,1,0,0,0,0,1,0,0,0.08484848484848484,0.16151202749140892
496,2695000.0,4000.0,2,1.0,1,1,0,0,0,0,0,0,0,0.08181818181818179,0.16151202749140892
497,2660000.0,3934.0,2,1.0,1,1,0,0,0,0,0,0,0,0.07878787878787877,0.15697594501718215
498,2660000.0,2000.0,2,1.0,2,1,0,0,0,0,0,0,1,0.07878787878787877,0.024054982817869414
499,2660000.0,3630.0,3,3.0,2,0,1,0,0,0,0,0,0,0.07878787878787877,0.1360824742268041
500,2660000.0,2800.0,3,1.0,1,1,0,0,0,0,0,0,0,0.07878787878787877,0.07903780068728522
501,2660000.0,2430.0,3,1.0,1,0,0,0,0,0,0,0,0,0.07878787878787877,0.053608247422680416
502,2660000.0,3480.0,2,1.0,1,1,0,0,0,0,1,0,1,0.07878787878787877,0.12577319587628866
503,2660000.0,4000.0,3,1.0,1,1,0,0,0,0,0,0,1,0.07878787878787877,0.16151202749140892
504,2653000.0,3185.0,2,1.0,1,1,0,0,0,1,0,0,0,0.07818181818181816,0.10549828178694157
505,2653000.0,4000.0,3,1.0,2,1,0,0,0,1,0,0,0,0.07818181818181816,0.16151202749140892
506,2604000.0,2910.0,2,1.0,1,0,0,0,0,0,0,0,0,0.07393939393939392,0.0865979381443299
507,2590000.0,3600.0,2,1.0,1,1,0,0,0,0,0,0,0,0.07272727272727272,0.13402061855670103
508,2590000.0,4400.0,2,1.0,1,1,0,0,0,0,0,0,0,0.07272727272727272,0.18900343642611683
509,2590000.0,3600.0,2,2.0,2,1,0,1,0,0,1,0,2,0.07272727272727272,0.13402061855670103
510,2520000.0,2880.0,3,1.0,1,0,0,0,0,0,0,0,0,0.06666666666666665,0.08453608247422681
511,2520000.0,3180.0,3,1.0,1,0,0,0,0,0,0,0,0,0.06666666666666665,0.10515463917525772
512,2520000.0,3000.0,2,1.0,2,1,0,0,0,0,0,0,2,0.06666666666666665,0.09278350515463918
513,2485000.0,4400.0,3,1.0,2,1,0,0,0,0,0,0,0,0.06363636363636363,0.18900343642611683
514,2485000.0,3000.0,3,1.0,2,0,0,0,0,0,0,0,1,0.06363636363636363,0.09278350515463918
515,2450000.0,3210.0,3,1.0,2,1,0,1,0,0,0,0,0,0.06060606060606058,0.10721649484536083
516,2450000.0,3240.0,2,1.0,1,0,1,0,0,0,1,0,0,0.06060606060606058,0.10927835051546392
517,2450000.0,3000.0,2,1.0,1,1,0,0,0,0,1,0,0,0.06060606060606058,0.09278350515463918
518,2450000.0,3500.0,2,1.0,1,1,1,0,0,0,0,0,0,0.06060606060606058,0.12714776632302405
519,2450000.0,4840.0,2,1.0,2,1,0,0,0,0,0,0,0,0.06060606060606058,0.21924398625429553
520,2450000.0,7700.0,2,1.0,1,1,0,0,0,0,0,0,0,0.06060606060606058,0.41580756013745707
521,2408000.0,3635.0,2,1.0,1,0,0,0,0,0,0,0,0,0.05696969696969695,0.13642611683848796
522,2380000.0,2475.0,3,1.0,2,1,0,0,0,0,0,0,2,0.054545454545454536,0.056701030927835044
523,2380000.0,2787.0,4,2.0,2,1,0,0,0,0,0,0,2,0.054545454545454536,0.07814432989690723
524,2380000.0,3264.0,2,1.0,1,1,0,0,0,0,0,0,0,0.054545454545454536,0.11092783505154638
525,2345000.0,3640.0,2,1.0,1,1,0,0,0,0,0,0,0,0.051515151515151514,0.13676975945017184
526,2310000.0,3180.0,2,1.0,1,1,0,0,0,0,0,0,0,0.048484848484848464,0.10515463917525772
527,2275000.0,1836.0,2,1.0,1,0,0,1,0,0,0,0,1,0.04545454545454544,0.012783505154639191
528,2275000.0,3970.0,1,1.0,1,0,0,0,0,0,0,0,0,0.04545454545454544,0.15945017182130583
529,2275000.0,3970.0,3,1.0,2,1,0,1,0,0,0,0,0,0.04545454545454544,0.15945017182130583
530,2240000.0,1950.0,3,1.0,1,0,0,0,1,0,0,0,0,0.04242424242424242,0.020618556701030938
531,2233000.0,5300.0,3,1.0,1,0,0,0,0,1,0,1,0,0.04181818181818181,0.2508591065292096
532,2135000.0,3000.0,2,1.0,1,0,0,0,0,0,0,0,0,0.033333333333333326,0.09278350515463918
533,2100000.0,2400.0,3,1.0,2,1,0,0,0,0,0,0,0,0.030303030303030304,0.05154639175257733
534,2100000.0,3000.0,4,1.0,2,1,0,0,0,0,0,0,0,0.030303030303030304,0.09278350515463918
535,2100000.0,3360.0,2,1.0,1,1,0,0,0,0,1,0,0,0.030303030303030304,0.11752577319587629
536,1960000.0,3420.0,5,1.0,2,0,0,0,0,0,0,0,0,0.01818181818181816,0.12164948453608246
537,1890000.0,1700.0,3,1.0,2,1,0,0,0,0,0,0,0,0.012121212121212116,0.0034364261168384896
538,1890000.0,3649.0,2,1.0,1,1,0,0,0,0,0,0,0,0.012121212121212116,0.13738831615120273
539,1855000.0,2990.0,2,1.0,1,0,0,0,0,0,1,0,0,0.009090909090909066,0.09209621993127148
540,1820000.0,3000.0,2,1.0,1,1,0,1,0,0,2,0,0,0.006060606060606044,0.09278350515463918
541,1767150.0,2400.0,3,1.0,1,0,0,0,0,0,0,0,1,0.0014848484848484778,0.05154639175257733
542,1750000.0,3620.0,2,1.0,1,1,0,0,0,0,0,0,0,0.0,0.13539518900343642
543,1750000.0,2910.0,3,1.0,1,0,0,0,0,0,0,0,2,0.0,0.0865979381443299
544,1750000.0,3850.0,3,1.0,2,1,0,0,0,0,0,0,0,0.0,0.1512027491408935
